Transaction_ID,Datetime,Customer_Type,Item_Name,Category,Size,Quantity,Unit_Price,Total_Amount,Payment_Method,Channel,Weather
TXN-1001,2026-08-25 07:30:15,Member,Iced Espresso,Coffee,Large,1,75,75,PromptPay,Dine-in,Sunny
TXN-1002,2026-08-25 07:35:42,Non-Member,Hot Americano,Coffee,Medium,2,60,120,Credit Card,Takeaway,Sunny
TXN-1003,2026-08-25 07:48:10,Member,Iced Matcha Latte,Tea,Large,1,85,85,TrueMoney,Dine-in,Sunny
TXN-1004,2026-08-25 08:02:30,Member,Croissant Butter,Bakery,Standard,1,55,55,PromptPay,Takeaway,Sunny
TXN-1005,2026-08-25 08:05:12,Non-Member,Iced Caramel Macchiato,Coffee,Large,1,90,90,Cash,Delivery-Grab,Sunny
TXN-1006,2026-08-25 08:15:00,Member,Hot Cappuccino,Coffee,Medium,1,65,65,PromptPay,Dine-in,Sunny
TXN-1007,2026-08-25 08:22:45,Member,Iced Americano,Coffee,Large,2,70,140,Credit Card,Dine-in,Sunny
TXN-1008,2026-08-25 08:30:10,Non-Member,Yuzu Cold Brew,Specialty,Large,1,95,95,PromptPay,Takeaway,Sunny
TXN-1009,2026-08-25 08:45:22,Member,Iced Thai Tea,Tea,Medium,1,55,55,Cash,Takeaway,Sunny
TXN-1010,2026-08-25 09:10:05,Member,Dirty Coffee,Specialty,Standard,1,95,95,PromptPay,Dine-in,Sunny
TXN-1011,2026-08-25 09:25:33,Non-Member,Chocolate Frappe,Non-Coffee,Large,1,85,85,PromptPay,Delivery-LINEMAN,Sunny
TXN-1012,2026-08-25 09:40:19,Member,Ham & Cheese Croissant,Bakery,Standard,1,75,75,Credit Card,Dine-in,Sunny
TXN-1013,2026-08-25 10:05:40,Member,Iced Latte (Oat Milk),Coffee,Large,1,90,90,PromptPay,Dine-in,Sunny
TXN-1014,2026-08-25 10:30:15,Non-Member,Iced Peach Tea,Tea,Large,1,70,70,Cash,Takeaway,Rainy
TXN-1015,2026-08-25 10:45:00,Member,Iced Americano,Coffee,Large,1,70,70,PromptPay,Delivery-ShopeeFood,Rainy
TXN-1016,2026-08-25 11:15:20,Non-Member,Almond Croissant,Bakery,Standard,2,65,130,Credit Card,Takeaway,Rainy
TXN-1017,2026-08-25 11:45:50,Member,Hot Matcha Latte,Tea,Medium,1,80,80,PromptPay,Dine-in,Rainy
TXN-1018,2026-08-25 12:05:11,Non-Member,Iced Cappuccino,Coffee,Large,1,75,75,PromptPay,Delivery-Grab,Rainy
TXN-1019,2026-08-25 12:15:30,Member,Avocado Toast,Bakery,Standard,1,110,110,Credit Card,Dine-in,Rainy
TXN-1020,2026-08-25 12:30:45,Member,Iced Espresso,Coffee,Large,2,75,150,PromptPay,Dine-in,Cloudy
TXN-1021,2026-08-25 13:00:20,Non-Member,Strawberry Soda,Non-Coffee,Large,1,65,65,Cash,Takeaway,Cloudy
TXN-1022,2026-08-25 13:25:10,Member,Iced Latte,Coffee,Medium,1,75,75,PromptPay,Dine-in,Sunny
TXN-1023,2026-08-25 13:50:00,Member,Plain Scone,Bakery,Standard,2,50,100,TrueMoney,Dine-in,Sunny
TXN-1024,2026-08-25 14:15:40,Non-Member,Iced Americano,Coffee,Large,1,70,70,PromptPay,Delivery-LINEMAN,Sunny
TXN-1025,2026-08-25 14:40:15,Member,Dirty Coffee,Specialty,Standard,1,95,95,PromptPay,Dine-in,Sunny
TXN-1026,2026-08-25 15:00:10,Non-Member,Hot Earl Grey Tea,Tea,Medium,1,65,65,Cash,Dine-in,Sunny
TXN-1027,2026-08-25 15:30:25,Member,Iced Matcha Latte,Tea,Large,1,85,85,Credit Card,Dine-in,Sunny
TXN-1028,2026-08-25 16:00:50,Member,Brownie Double Choc,Bakery,Standard,1,60,60,PromptPay,Takeaway,Sunny
TXN-1029,2026-08-25 16:30:10,Non-Member,Iced Thai Tea,Tea,Large,2,65,130,Cash,Takeaway,Sunny
TXN-1030,2026-08-25 17:00:00,Member,Iced Caramel Macchiato,Coffee,Large,1,90,90,PromptPay,Dine-in,Sunny
